Tenor,0.5,1,2,3,4,5,7,10,15,20
1,0.036529664,0.037115337,0.039178247,0.04088958,0.042149346,0.043075374,0.044272089,0.04516122,0.045667812,0.045430995
2,0.036706291,0.037324339,0.039249629,0.040915226,0.042168452,0.043100206,0.044312822,0.045214824,0.04571982,0.045472279
3,0.035866314,0.036376487,0.038290355,0.040004673,0.041300511,0.042261808,0.04350856,0.044456516,0.045087309,0.044947287
4,0.035677974,0.036260624,0.038249878,0.039982895,0.04128592,0.04225354,0.043515425,0.044477438,0.045087967,0.044925075
5,0.035548016,0.036074615,0.038000663,0.039709239,0.040998823,0.041956314,0.043204333,0.044162327,0.044796041,0.044664964
6,0.035975335,0.03649967,0.038542887,0.040339051,0.041683645,0.042672488,0.043955573,0.044994945,0.045728117,0.045573571
7,0.036062867,0.036611465,0.0386682,0.040477202,0.04183819,0.042844893,0.0441606,0.045224058,0.045943591,0.045769046
8,0.036195551,0.036674846,0.038623036,0.040406212,0.04176939,0.042783336,0.044106508,0.045173392,0.045923048,0.045783789
9,0.036210381,0.036670002,0.03860073,0.040337403,0.04166985,0.042674491,0.04400181,0.04506818,0.045835263,0.045735144
10,0.0360003,0.036374623,0.038183496,0.039872322,0.041187713,0.042189524,0.043527439,0.044609012,0.045365053,0.045245272
11,0.035761771,0.03630996,0.038275483,0.040001855,0.041325225,0.042328209,0.043669854,0.044758254,0.045473281,0.045292694
12,0.035777247,0.036253616,0.038156717,0.039880032,0.041214941,0.042229738,0.043580845,0.044641544,0.045253599,0.044989508
13,0.036111792,0.03661528,0.03854958,0.040294549,0.041635453,0.042646934,0.043981268,0.04501651,0.045587039,0.045268974
14,0.036034248,0.036535908,0.038474267,0.040201344,0.041531715,0.042543886,0.043899428,0.044966956,0.045556587,0.045241031
15,0.036401576,0.03689789,0.038706316,0.040344656,0.041618921,0.042594151,0.043908289,0.044954457,0.045554583,0.04525303
16,0.036238937,0.036770192,0.038663051,0.040312393,0.041570846,0.042522621,0.043793063,0.044812779,0.04545845,0.045209534
17,0.035807889,0.036155997,0.037795567,0.039330305,0.040536927,0.041467188,0.042736364,0.04379286,0.044516835,0.044319639
18,0.035789889,0.036118676,0.037714529,0.039221143,0.040413538,0.041338793,0.042611217,0.043678112,0.044416055,0.044236865
19,0.035955593,0.036226625,0.037740029,0.039202249,0.040371687,0.041286596,0.042557664,0.043630992,0.044362415,0.044191685
20,0.03594902,0.036172833,0.037605853,0.03906021,0.040250135,0.041195386,0.042529675,0.043667985,0.044432743,0.044276486
21,0.035954522,0.036150401,0.037585269,0.039018501,0.040183169,0.041106075,0.042406779,0.043508029,0.044209469,0.044001992
22,0.035609191,0.035655739,0.03687763,0.038246785,0.039388645,0.040296789,0.041565215,0.042614635,0.043254545,0.043008961
23,0.035078338,0.0352295,0.036620461,0.038066197,0.039245862,0.040173972,0.041453404,0.042472817,0.043007508,0.042679205
24,0.035074318,0.035222015,0.036635407,0.038107488,0.039296783,0.040220058,0.041478095,0.042530426,0.043237115,0.042964005
25,0.034770135,0.034973005,0.036431185,0.037924961,0.039136649,0.040083221,0.041386484,0.042499196,0.043282295,0.04305427
26,0.035109498,0.035340765,0.036835317,0.038370954,0.039615713,0.040586488,0.041924662,0.043085791,0.043962968,0.043796072
27,0.035270893,0.035399732,0.03682192,0.038319501,0.039544929,0.04050815,0.041848282,0.043025786,0.043937357,0.043800301
28,0.035214994,0.035412428,0.036863673,0.038387112,0.039642098,0.040635314,0.042028342,0.04325465,0.044183527,0.044033323
29,0.03400636,0.034593017,0.036319204,0.037841564,0.03904744,0.039992799,0.041323793,0.042527163,0.043503726,0.043399396
30,0.034831813,0.034911956,0.036271291,0.037750784,0.038983646,0.039967739,0.041364089,0.042618102,0.04361139,0.043507099
31,0.033058029,0.032941405,0.034663557,0.036560067,0.038128183,0.039371977,0.041122985,0.042645534,0.043790972,0.043754878
32,0.032366751,0.032436536,0.034167683,0.036104381,0.037738748,0.039049737,0.040905174,0.042519606,0.043759988,0.043782759
33,0.032283754,0.032442724,0.034240084,0.036187815,0.037824301,0.039139105,0.041013128,0.042670893,0.043981852,0.044044916
34,0.03238118,0.032467423,0.034188827,0.036095016,0.037708399,0.039010956,0.040876297,0.042527736,0.043803797,0.043834481
35,0.032675555,0.032424629,0.033814913,0.035610788,0.03718407,0.038473128,0.040340605,0.042029285,0.043414806,0.043540486
36,0.032343967,0.032100091,0.033668805,0.035528319,0.037120435,0.038415244,0.040290803,0.042000954,0.043460578,0.043731264
37,0.032792054,0.032676705,0.03419595,0.036035478,0.037634194,0.038944416,0.040834404,0.042449404,0.043647026,0.043950238
38,0.032801659,0.032803132,0.034358914,0.036170519,0.037741751,0.039033191,0.040907068,0.042531208,0.043757645,0.044045099
39,0.032609435,0.032845698,0.034523784,0.0363347,0.037884275,0.039152564,0.040989405,0.042582724,0.043775754,0.044009141
40,0.032783666,0.032793148,0.034273881,0.035997798,0.037491747,0.038719361,0.040503588,0.042079109,0.043332199,0.043618684
41,0.032699514,0.032648918,0.034068417,0.035772788,0.037260284,0.038487533,0.04028164,0.041889145,0.04322378,0.043580075
42,0.032630851,0.032646158,0.034210841,0.036017324,0.037572862,0.038846957,0.040701279,0.042359768,0.043734369,0.044106944
43,0.031633035,0.031768518,0.033481675,0.035356623,0.036972141,0.03831242,0.040315639,0.042184858,0.043765668,0.044201274
44,0.031547963,0.031644493,0.033364276,0.035249875,0.036874116,0.038226593,0.040271265,0.042230546,0.043957238,0.044500011
45,0.032388215,0.032119082,0.033542429,0.035416147,0.037094823,0.038510091,0.040659109,0.04269649,0.044347524,0.044806184
46,0.031619693,0.031817971,0.033833876,0.035896638,0.037620957,0.039039053,0.041189153,0.043271008,0.045021959,0.045550757
47,0.031521599,0.03158955,0.033412461,0.035397671,0.03707931,0.03846519,0.040561284,0.042589015,0.044302874,0.044814713
48,0.031138874,0.031098288,0.032830113,0.0347569,0.036408336,0.037784571,0.039898116,0.041992465,0.043835546,0.04444417
49,0.031173642,0.031068718,0.032696165,0.034621139,0.036302102,0.037713694,0.039891775,0.042056909,0.04395062,0.044569658
50,0.031123732,0.030975865,0.032569162,0.034513629,0.036230321,0.037679278,0.03991747,0.042120522,0.043982275,0.044548803
51,0.031321916,0.031047057,0.032581007,0.034521995,0.036238632,0.037682064,0.03989642,0.042068084,0.043935552,0.044532241
52,0.031073276,0.030732328,0.032147364,0.034038831,0.035734869,0.03717077,0.039386478,0.041583721,0.043529605,0.044196427
53,0.030716631,0.030310524,0.031753916,0.03367776,0.035397394,0.036849581,0.039085335,0.04130391,0.043288218,0.043985075
54,0.030490406,0.03015873,0.031690463,0.033644101,0.035376768,0.036834979,0.039071166,0.041265651,0.043145948,0.043728488
55,0.030571567,0.030312454,0.031878507,0.033832888,0.035560685,0.03701423,0.039241718,0.041416782,0.043245689,0.043789481
56,0.031977259,0.032138001,0.033943993,0.035853727,0.037481011,0.038826498,0.040854384,0.042795142,0.044342124,0.044698179
57,0.03236073,0.0326465,0.034580004,0.036555614,0.03821096,0.039562279,0.041572623,0.043489498,0.045077216,0.045489972
58,0.031968612,0.032912037,0.035629247,0.03786375,0.039603893,0.040979868,0.042992345,0.04490092,0.04646704,0.046849545
59,0.032591334,0.033439937,0.035974797,0.038137604,0.039817637,0.041131581,0.043027659,0.044799358,0.046127393,0.046354608
60,0.03366893,0.035038975,0.037893424,0.040006218,0.041544427,0.042704048,0.044336212,0.045861173,0.047007305,0.047151516
61,0.033414941,0.034836216,0.037836101,0.039979414,0.041510187,0.042653473,0.044257125,0.045760621,0.046895208,0.04703168
62,0.034204613,0.035614934,0.038497873,0.040602392,0.042126445,0.043277956,0.044913646,0.046450857,0.04760211,0.047757577
63,0.033357972,0.034809333,0.037761513,0.039871223,0.041391332,0.042540354,0.044175736,0.045701639,0.046792631,0.046895931
64,0.033376025,0.034593487,0.037265836,0.039316537,0.040850728,0.04203949,0.043772952,0.045438365,0.046696965,0.046850356
65,0.03359962,0.034742309,0.037326187,0.039338509,0.040854929,0.042037829,0.043780996,0.045492218,0.046886926,0.047154981
66,0.033339729,0.034306277,0.036696304,0.038659449,0.04017817,0.041384032,0.043194101,0.045013842,0.046594308,0.046998163
67,0.032676145,0.033714378,0.036273766,0.038324777,0.039887678,0.04111504,0.042935459,0.044739682,0.046252262,0.04659394
68,0.03201111,0.032788774,0.035204997,0.03725664,0.038847601,0.04010682,0.041988965,0.043892886,0.045594824,0.046068213
69,0.031726843,0.032559381,0.03513006,0.037271857,0.038920453,0.040223587,0.042179461,0.044181538,0.045990141,0.046513779
70,0.032132569,0.03314269,0.035898955,0.038104124,0.039768813,0.041065991,0.042979218,0.044883276,0.04649309,0.046882307
71,0.032311722,0.033397587,0.036282945,0.038572454,0.040279929,0.04158894,0.043470235,0.045285306,0.046762724,0.047060477
72,0.031971734,0.033239728,0.036289419,0.0386358,0.040371828,0.04169942,0.043602111,0.045412741,0.046817706,0.047050833
73,0.032620711,0.034139633,0.037311389,0.039634891,0.041323486,0.042601491,0.044410633,0.046095834,0.047322423,0.047444367
74,0.032542701,0.033948471,0.036976275,0.039254058,0.04092773,0.042201065,0.044009799,0.045698866,0.046936428,0.047072659
75,0.032280872,0.033634504,0.036714692,0.039037564,0.040749989,0.042057603,0.043922145,0.045670364,0.046980497,0.047171114
76,0.032080095,0.033265151,0.036183084,0.038428402,0.0401002,0.041388551,0.043252347,0.04505622,0.046539306,0.046886087
77,0.038738891,0.037252907,0.037138428,0.038688412,0.040293519,0.041666632,0.043705673,0.045579768,0.046978069,0.047277962
78,0.033611709,0.034897431,0.037661513,0.039742597,0.041279957,0.042455633,0.04413658,0.045750334,0.047071342,0.047363395
79,0.03373852,0.034888621,0.037504499,0.039534799,0.041055404,0.042227117,0.043913195,0.04554155,0.046882917,0.047180175
80,0.033448982,0.034506892,0.037091987,0.039134252,0.040673697,0.041865492,0.043588785,0.045255062,0.046632723,0.046969866
81,0.032882268,0.033952449,0.036594164,0.038696737,0.040291604,0.041531839,0.043329237,0.04504734,0.046410366,0.046708295
82,0.032577928,0.033559069,0.036157198,0.038288997,0.039929724,0.04121757,0.043104441,0.044937284,0.04643429,0.04680554
83,0.033239142,0.034049162,0.036484726,0.038611139,0.040283416,0.041604028,0.043530252,0.045365482,0.046824127,0.047177796
84,0.032373155,0.033276382,0.035842938,0.037992121,0.039655922,0.040961338,0.042864574,0.044709193,0.046281065,0.046754804
85,0.031890095,0.032809368,0.035545637,0.037858087,0.03962349,0.040964603,0.042824787,0.044587979,0.046199815,0.046758369
86,0.031752415,0.032781882,0.035514614,0.037747715,0.039465534,0.040811163,0.042772413,0.044665647,0.046277721,0.046772772
87,0.032232128,0.033175731,0.03579046,0.037966988,0.039653494,0.04098038,0.042920856,0.044792293,0.046360198,0.046816505
88,0.032420823,0.033073858,0.035462042,0.037612102,0.039316484,0.040668902,0.042653394,0.044565725,0.046170142,0.046642309
89,0.031663871,0.032366297,0.034770874,0.0368888,0.038571786,0.039919562,0.041928645,0.043907058,0.045609744,0.046143643
90,0.03192644,0.032835511,0.035437625,0.037607146,0.039302168,0.040651008,0.042659031,0.044646604,0.046383569,0.04695068
91,0.032034746,0.032974808,0.035546447,0.037691311,0.039369106,0.040702552,0.042680672,0.044637146,0.046364468,0.0469404
92,0.031776056,0.032537817,0.034924117,0.036982203,0.038608348,0.039907488,0.041848488,0.043807907,0.045616917,0.046270605
93,0.032415359,0.033305169,0.035609683,0.037449077,0.038866898,0.039989428,0.041666494,0.043418302,0.045156708,0.045823892
94,0.033381439,0.03399043,0.035900243,0.037584892,0.038923013,0.039992523,0.041599227,0.043300524,0.045034965,0.045725257
95,0.033103062,0.033680367,0.035582125,0.037282517,0.038639734,0.039728025,0.041370402,0.043125508,0.044968731,0.045762271
96,0.03320161,0.033592226,0.035297968,0.036938412,0.038296845,0.039417598,0.041159182,0.043031062,0.044928327,0.045740651
97,0.0335196,0.034003578,0.035717131,0.037309341,0.038615158,0.039687063,0.041343966,0.043136133,0.044993137,0.045804914
98,0.033033869,0.033527782,0.035154052,0.036726889,0.038083959,0.039236288,0.041033793,0.042846078,0.044508577,0.045172967
99,0.03268032,0.033046551,0.034654977,0.036256881,0.037635885,0.038798412,0.040591489,0.042376713,0.044021375,0.044706356
100,0.032058278,0.032342283,0.033957508,0.035609153,0.037042555,0.038256452,0.040136794,0.042014119,0.043748543,0.044483589
101,0.032109019,0.032409749,0.034003863,0.0356053,0.036982653,0.03814113,0.039921983,0.041697709,0.043365297,0.04407883
102,0.031239845,0.031585962,0.033277652,0.034997343,0.036480002,0.037723423,0.039616916,0.041442475,0.043012246,0.043610615
103,0.031414074,0.031743169,0.03342952,0.035119149,0.036561519,0.037763647,0.039589757,0.041377874,0.042993034,0.043635139
104,0.031284755,0.031605383,0.033215693,0.034830971,0.036207455,0.037354188,0.039106537,0.040881629,0.042610657,0.043340543
105,0.031405562,0.031828564,0.033525153,0.035143292,0.036514956,0.037662325,0.039426099,0.041197292,0.042839383,0.043485917
106,0.03221276,0.032626924,0.034291612,0.035929149,0.037335856,0.038521333,0.040351899,0.042179034,0.043841826,0.044489359
107,0.031978223,0.032231531,0.033770464,0.035374136,0.036760852,0.037930124,0.039745248,0.041614445,0.043430109,0.044164423
108,0.031699464,0.032172462,0.033944036,0.035613862,0.037014206,0.038182898,0.039998962,0.041892864,0.043732983,0.044463267
109,0.032529258,0.032726532,0.034239192,0.035859359,0.037273008,0.038474133,0.040364055,0.042351022,0.044299432,0.045090762
110,0.031881375,0.032077277,0.03350483,0.035046555,0.036402681,0.037563342,0.039412733,0.041425607,0.043535522,0.044460626
111,0.032215482,0.032724211,0.034423549,0.035973053,0.037258153,0.038326951,0.040003569,0.041851641,0.043851252,0.044742197
112,0.032328769,0.032519955,0.033874385,0.03529297,0.036532216,0.037593111,0.039296344,0.041191902,0.04321622,0.044116001
113,0.032228356,0.032573457,0.034095442,0.035596577,0.036904203,0.038034629,0.039873836,0.041903065,0.043978937,0.044887023
114,0.032243079,0.031925368,0.032946633,0.034365573,0.035683699,0.036843202,0.038739618,0.040838234,0.042993299,0.043947103
115,0.031558647,0.031397622,0.032565917,0.034022057,0.035356248,0.036532787,0.038479702,0.040678963,0.043033915,0.044162348
116,0.032106457,0.031503071,0.032192767,0.033522422,0.034847849,0.036058686,0.03810926,0.040449171,0.042946475,0.04418044
117,0.031567322,0.031369699,0.032415826,0.033803022,0.035116753,0.036300723,0.038296165,0.040564414,0.042948885,0.044101889
118,0.031248619,0.031081439,0.032094243,0.033432166,0.034697805,0.035837389,0.037754755,0.039927744,0.042174043,0.04319814
119,0.031431626,0.031485702,0.032670757,0.033982296,0.035176279,0.036239529,0.038028456,0.040081988,0.042224042,0.043190276
120,0.031948215,0.03216632,0.033492034,0.034841668,0.036033382,0.03707429,0.038795239,0.040763286,0.042870119,0.043860364
121,0.032205462,0.032479638,0.033958623,0.035459773,0.036774022,0.037907128,0.03973401,0.041708725,0.04366511,0.044545563
122,0.031601981,0.031928836,0.033579863,0.035215663,0.03663419,0.037855813,0.039835648,0.041989674,0.044131802,0.045109288
123,0.031373815,0.031793474,0.033560398,0.035241767,0.036680038,0.037908959,0.03988484,0.042020011,0.044161093,0.045165636
124,0.031160765,0.031580026,0.033334065,0.035037548,0.036496028,0.037735953,0.039710484,0.041820173,0.043933811,0.044938133
125,0.03126383,0.031792434,0.033654315,0.035378122,0.03683025,0.038056839,0.040008714,0.04211777,0.044302155,0.045389139
126,0.03221752,0.032142927,0.033491793,0.035112342,0.036552234,0.037781492,0.039727406,0.041808975,0.043967556,0.045048304
127,0.032273203,0.033114361,0.035185366,0.036920332,0.038314536,0.039450372,0.041185181,0.043003975,0.044888578,0.045820486
128,0.0325129,0.033226351,0.035221528,0.036984703,0.038442898,0.039655962,0.041544742,0.043524755,0.045536633,0.0465402
129,0.031865685,0.032452403,0.034343489,0.036113147,0.037615126,0.038888968,0.040911915,0.043047262,0.045166059,0.046187327
130,0.031425452,0.03197766,0.033876137,0.035680193,0.037232172,0.038565116,0.040713156,0.042991232,0.045160848,0.046138861
131,0.031457859,0.032087709,0.034267773,0.03621915,0.03785926,0.03925289,0.041478865,0.043798315,0.045888894,0.046747418
132,0.032128085,0.033076879,0.035343819,0.037262558,0.038858396,0.04020671,0.042327522,0.044441261,0.046287093,0.047077281
133,0.031959613,0.032829691,0.035003978,0.036882387,0.038454942,0.039788774,0.041895405,0.044006487,0.045862326,0.046660282
134,0.032032718,0.032983501,0.035255724,0.037170784,0.038743611,0.040061614,0.042142905,0.044262069,0.046147196,0.04693602
135,0.032515148,0.033024393,0.035094468,0.037018478,0.038625513,0.039975367,0.042104028,0.044260786,0.046137649,0.046882719
136,0.031736509,0.032656111,0.034966691,0.036933672,0.038554451,0.039918008,0.042084234,0.044295841,0.046228071,0.046998134
137,0.031454454,0.03211312,0.034209326,0.036145005,0.037781261,0.039172534,0.041394828,0.043672709,0.045704109,0.046549579
138,0.030951961,0.031719872,0.033976409,0.035971366,0.037632766,0.039034908,0.041259229,0.043523692,0.045547797,0.046401345
139,0.030956793,0.03163342,0.033835663,0.035824408,0.037486848,0.038888844,0.041108049,0.043371423,0.045434375,0.046328198
140,0.030721873,0.03172385,0.034268071,0.036421224,0.038194661,0.039684655,0.042040031,0.044413935,0.046472218,0.047307276
141,0.030796908,0.032025085,0.034792435,0.03700598,0.038779387,0.040243846,0.042523549,0.044790509,0.046721947,0.047483822
142,0.030853384,0.032226673,0.03515858,0.037450117,0.03926041,0.04073908,0.043012748,0.045231936,0.047055223,0.047746012
143,0.031067667,0.032242303,0.034998637,0.037256094,0.039064286,0.040546483,0.042823802,0.045042321,0.046891183,0.047628586
144,0.031512444,0.032745837,0.035551632,0.037805703,0.039599175,0.041065947,0.043316884,0.045510549,0.047342686,0.048065778
145,0.031628587,0.032789418,0.035496965,0.037710106,0.039476175,0.040920927,0.043136536,0.04528388,0.047042891,0.047714936
146,0.031342287,0.032583094,0.035318041,0.037498509,0.039224046,0.04063063,0.042788521,0.044908364,0.046709475,0.047428032
147,0.032326869,0.033795927,0.036581139,0.038667418,0.040285737,0.041598328,0.043619373,0.04563881,0.04739054,0.048066637
148,0.032266807,0.033616074,0.036213297,0.038193141,0.039732031,0.040976182,0.042883453,0.044806697,0.04655854,0.047288338
149,0.032543957,0.034203011,0.03713637,0.039268693,0.040905612,0.042225257,0.044237703,0.046169237,0.047711008,0.048308216
150,0.032518057,0.034094818,0.036884977,0.038914367,0.0404673,0.04171603,0.043617586,0.045461132,0.047026157,0.047701376
151,0.032749302,0.034373068,0.037183043,0.039221655,0.040778191,0.04202534,0.043912859,0.045727338,0.047260034,0.047922534
152,0.033004633,0.035082837,0.0382552,0.040341729,0.041865268,0.043057432,0.044831497,0.046520211,0.047942584,0.048556231
153,0.035274866,0.037365673,0.040240216,0.042001994,0.04321136,0.044104356,0.045347205,0.046469039,0.047391573,0.047740918
154,0.035466347,0.037412033,0.040134196,0.04180973,0.042952657,0.043793207,0.044958444,0.045985653,0.046748345,0.04698853
155,0.03546446,0.037622548,0.040428225,0.042079059,0.043198096,0.044029484,0.045211247,0.046296444,0.047162214,0.047492046
156,0.035745503,0.037627933,0.040135669,0.041664472,0.042714704,0.043496408,0.044599779,0.045590656,0.046346093,0.046614822
157,0.035089146,0.037069932,0.039659706,0.041208129,0.04227606,0.043080912,0.044232511,0.045253626,0.045972901,0.046196801
158,0.034674216,0.036359979,0.038732129,0.040243826,0.041322409,0.042152924,0.043364089,0.044465462,0.045310131,0.045635851
159,0.035442876,0.037313572,0.039732599,0.041184926,0.042198262,0.042974108,0.044114251,0.045175801,0.046010178,0.046325362
160,0.036051266,0.037997812,0.04036016,0.041720936,0.04264523,0.043338333,0.044340638,0.045288149,0.046118096,0.046489932
161,0.035548295,0.037845378,0.040666455,0.04226976,0.043350015,0.044159477,0.045332161,0.046408713,0.047217694,0.047500891
162,0.035949855,0.038389728,0.041360337,0.043021259,0.044107053,0.044895989,0.046015158,0.047076576,0.047828718,0.047813836
163,0.035585165,0.037902899,0.040831805,0.042525581,0.043654356,0.044481202,0.045649002,0.04672433,0.047440027,0.047393655
164,0.035803069,0.03799276,0.04082623,0.042500405,0.043619852,0.044435173,0.045570774,0.046593684,0.047245918,0.047167217
165,0.036034983,0.038238198,0.041038816,0.042656699,0.043720551,0.044487028,0.045546551,0.0464904,0.04703794,0.046873575
166,0.035908959,0.03824838,0.041209792,0.042891284,0.043982662,0.044763006,0.045836857,0.046799854,0.047417125,0.047330078
167,0.036393549,0.038759127,0.041687375,0.043318072,0.044362191,0.04510249,0.046117191,0.047026219,0.047570036,0.047397442
168,0.036738024,0.03914571,0.042012764,0.043572158,0.044552591,0.045233478,0.046140496,0.046928841,0.047365224,0.04714505
169,0.036801504,0.039176606,0.0420389,0.043599385,0.044579928,0.045261886,0.046174516,0.046972565,0.047414088,0.047191401
170,0.036555337,0.03897592,0.042004084,0.043691041,0.044754243,0.045486179,0.04644004,0.047248027,0.047727439,0.047563106
171,0.036679738,0.039088904,0.041940579,0.043476651,0.044437421,0.045098671,0.045965742,0.046715667,0.047172193,0.046941512
172,0.036873515,0.039292623,0.042122325,0.043643474,0.044601534,0.045267978,0.046154536,0.046927728,0.047379469,0.047129728
173,0.03733383,0.03961133,0.042316756,0.04379041,0.044723079,0.045372161,0.046232526,0.046979771,0.047416055,0.047166949
174,0.037941382,0.040380352,0.043277632,0.044859558,0.045861467,0.04655818,0.047474815,0.048231738,0.048559849,0.048191452
175,0.037988838,0.040587282,0.043612565,0.045218861,0.046213995,0.046892658,0.04776373,0.048453473,0.048692376,0.048271293
176,0.038022417,0.040398009,0.04329663,0.044904175,0.045922043,0.046624796,0.047533977,0.048254996,0.048535441,0.048154711
177,0.037537961,0.039595894,0.042254469,0.043858175,0.044947501,0.045749744,0.046870635,0.047832142,0.048283433,0.047947022
178,0.036805503,0.038775018,0.041452161,0.043101299,0.04424081,0.045094294,0.046312515,0.047382727,0.04791616,0.047600633
179,0.037153336,0.039297308,0.04207996,0.04373736,0.044867532,0.045712509,0.046928146,0.04802007,0.048598434,0.048294615
180,0.037012229,0.038969887,0.041610948,0.043221216,0.044330018,0.045162439,0.046364156,0.047458593,0.048078214,0.047803428
181,0.036922942,0.039064719,0.04185342,0.043489538,0.044591599,0.045408435,0.046581944,0.047664969,0.048295836,0.048019634
182,0.036901879,0.038568002,0.040929579,0.042441454,0.043493953,0.044281054,0.045416737,0.046509019,0.047265038,0.047082408
183,0.036741837,0.038570942,0.041112445,0.042680642,0.043753148,0.044549266,0.045695391,0.04680154,0.047566722,0.047384039
184,0.037358076,0.039283504,0.041896881,0.043466062,0.04450784,0.045258338,0.046304231,0.047302193,0.048020855,0.047857339
185,0.038423307,0.040369559,0.042810713,0.044201538,0.045096917,0.045730578,0.046605783,0.047441119,0.047997895,0.047741512
186,0.038250189,0.040291604,0.042736263,0.044072418,0.04491221,0.04549667,0.046293425,0.047071303,0.047682547,0.047478409
187,0.038247143,0.040266975,0.042660937,0.043957681,0.044769233,0.045337149,0.0461243,0.046900762,0.047492672,0.047269323
188,0.038048783,0.040041827,0.042445611,0.043762464,0.044602691,0.045203959,0.0460544,0.046881024,0.04748392,0.047263048
189,0.038056843,0.039975083,0.042314672,0.043617488,0.044454848,0.045054801,0.045900935,0.04672337,0.047344603,0.047156426
190,0.037908307,0.039643436,0.041925383,0.043318246,0.044267254,0.044970877,0.045978964,0.046929953,0.047589076,0.047376802
191,0.037273723,0.039089522,0.041524685,0.043004489,0.044007702,0.04474633,0.045792988,0.04678149,0.047542157,0.047422917
192,0.037283887,0.038969568,0.041255896,0.042642548,0.043565433,0.044231594,0.045161802,0.046066082,0.046871805,0.046840825
193,0.037263584,0.038920221,0.041224916,0.042677701,0.043673795,0.044407657,0.045440209,0.046399811,0.047159585,0.047077072
194,0.037176649,0.038603234,0.040727978,0.042177004,0.043217636,0.044005202,0.045133351,0.046179682,0.046965993,0.046862038
195,0.036976937,0.038415982,0.040634812,0.042134733,0.043198682,0.043996567,0.045132874,0.046198686,0.047058399,0.047036039
196,0.037729548,0.039441376,0.041848452,0.043380501,0.044436817,0.0452151,0.046304754,0.047299412,0.048035744,0.047921245
197,0.038799458,0.040821037,0.043301335,0.044751585,0.045713048,0.046402645,0.047336648,0.048129521,0.048550593,0.048211919
198,0.039317953,0.041113124,0.043353278,0.044708018,0.045606157,0.046238321,0.047060075,0.047712904,0.048020923,0.047675354
199,0.039181528,0.041021103,0.043296833,0.044691059,0.04564149,0.046332857,0.04726925,0.048028066,0.048343511,0.04795447
200,0.039443371,0.041192318,0.043371254,0.04475841,0.045724145,0.046432724,0.047393388,0.048179651,0.048567387,0.048232951
201,0.039330803,0.041221993,0.043629558,0.045141977,0.046184533,0.046940448,0.047938329,0.048682195,0.048880822,0.048393075
202,0.039048163,0.04094459,0.043272871,0.044712556,0.04569615,0.046402082,0.047321585,0.04801099,0.048248129,0.047832787
203,0.039289328,0.041352034,0.043893501,0.045447519,0.046498647,0.047246068,0.048203258,0.048871224,0.048959422,0.048405061
204,0.039873645,0.042089786,0.044668132,0.046160153,0.047137148,0.0478135,0.048648261,0.049196359,0.049208149,0.04862576
205,0.040349532,0.042626287,0.045220657,0.046708662,0.047682017,0.048356824,0.049189036,0.049712004,0.049617616,0.048893108
206,0.040185963,0.042483193,0.045130814,0.046641035,0.047613282,0.048272946,0.049055835,0.049506102,0.049360442,0.048641139
207,0.040791715,0.043166277,0.04581867,0.047279716,0.048173101,0.048737157,0.049318956,0.049530929,0.049161955,0.048297263
208,0.040819962,0.043234347,0.045889672,0.047321252,0.048181372,0.04871625,0.049257308,0.049443423,0.049075343,0.048220818
209,0.040548359,0.04277953,0.045364784,0.04683811,0.047749199,0.048326507,0.048927118,0.049173737,0.048909595,0.048146525
210,0.041780649,0.044015648,0.046499259,0.047843835,0.048639708,0.049118094,0.049560335,0.049649143,0.049261675,0.048444201
211,0.041770346,0.044158576,0.046731433,0.048072947,0.048859179,0.049335428,0.049788941,0.049892391,0.049487963,0.048638577
212,0.042075436,0.044553207,0.047161164,0.048491949,0.049254783,0.049702423,0.050090794,0.050087578,0.049512025,0.048526811
213,0.042325953,0.044873847,0.047543148,0.048904314,0.049692244,0.050161717,0.050575442,0.050547262,0.04982599,0.048702747
214,0.042589556,0.045097658,0.047730469,0.049037827,0.049754649,0.05014613,0.050410725,0.050230318,0.049417305,0.048272902
215,0.042417498,0.045053789,0.047879344,0.049298031,0.050087517,0.05052984,0.050857808,0.050721942,0.04996858,0.048876099
216,0.042494003,0.044936149,0.047622776,0.049065098,0.049918244,0.050429657,0.050874557,0.050830474,0.050089722,0.048964936
217,0.04215175,0.044531939,0.047210196,0.048656777,0.049510001,0.050018141,0.050453146,0.050406558,0.049721367,0.048681206
218,0.042950331,0.045411852,0.048149629,0.049626785,0.050502686,0.051028921,0.051482914,0.051397572,0.050542432,0.049379114
219,0.042786415,0.045156237,0.047791692,0.049207079,0.050032422,0.05051597,0.050910184,0.050802686,0.049998639,0.048871837
220,0.042658428,0.044848742,0.047348137,0.048723857,0.049536029,0.050015718,0.050408252,0.050292099,0.049459474,0.048310264
221,0.042975524,0.045219258,0.047767123,0.049187732,0.050049593,0.050580842,0.051063935,0.051004047,0.050104854,0.048868734
222,0.04312453,0.045288518,0.047804396,0.049234608,0.050109602,0.050651362,0.051146542,0.051092259,0.050197566,0.048968035
223,0.042665757,0.044671244,0.047111086,0.048598759,0.049565179,0.050200374,0.050852863,0.050942851,0.050164873,0.049010231
224,0.042175961,0.044153062,0.046718265,0.048352444,0.049437809,0.050162538,0.050927167,0.051087241,0.05035342,0.04923785
225,0.042275141,0.04417763,0.046667015,0.048271076,0.049333054,0.050033371,0.050748344,0.050859431,0.050101103,0.048969824
226,0.042003261,0.04379388,0.046207225,0.047766774,0.048795227,0.049471678,0.050167961,0.050329452,0.049751099,0.048739641
227,0.041957029,0.043723621,0.04607002,0.047573636,0.048563415,0.049215891,0.049906192,0.05011531,0.049553295,0.048490283
228,0.041598789,0.043211486,0.045529831,0.047051875,0.048070058,0.048757133,0.049519369,0.049803059,0.049273172,0.048206442
229,0.041747814,0.043321528,0.04558402,0.047061668,0.048043316,0.048699868,0.049414717,0.049652939,0.04907316,0.047969609
230,0.041655387,0.043519333,0.046030012,0.047592665,0.048620357,0.04931262,0.050089907,0.050397557,0.049872863,0.048788436
231,0.04196442,0.043785056,0.046206494,0.047706305,0.048685768,0.049337457,0.050053745,0.050327694,0.049839329,0.048800666
232,0.041846042,0.043640602,0.046024402,0.047533236,0.048538186,0.049218938,0.049986323,0.050299519,0.04980263,0.048741711
233,0.04208236,0.044070792,0.046621222,0.048183793,0.049214146,0.049912094,0.050704127,0.051029614,0.050503983,0.04939967
234,0.042681352,0.044620196,0.047030334,0.04850257,0.049471393,0.050124684,0.050863873,0.051181626,0.050714856,0.049645729
235,0.042592249,0.044444183,0.046648467,0.047972193,0.048833347,0.049404809,0.050026773,0.050240312,0.049699076,0.048600426
236,0.043113793,0.044951337,0.047121801,0.048415459,0.049259472,0.049823263,0.050442137,0.050644152,0.050033818,0.048865682
237,0.043148342,0.044923418,0.047050693,0.048367741,0.049251591,0.049857653,0.050548799,0.050805752,0.050188338,0.048992202
238,0.043243511,0.045131601,0.047318408,0.048618492,0.049466578,0.050034397,0.050662884,0.050871516,0.050216138,0.048987525
239,0.043250292,0.045132098,0.047344311,0.048678261,0.049555017,0.050144476,0.050797033,0.051003384,0.050305762,0.049035585
240,0.042878903,0.044703617,0.046878761,0.04822054,0.049122206,0.049742821,0.050459432,0.050756602,0.050230424,0.049112092
241,0.042601816,0.044410844,0.046607865,0.047980169,0.048906862,0.049546786,0.050291816,0.050618891,0.050129606,0.049044164
242,0.04196594,0.043504757,0.045433864,0.0467069,0.047599887,0.04823652,0.049010826,0.049405475,0.049057222,0.048116537
243,0.041665215,0.043281861,0.045405833,0.046816002,0.047805666,0.048514368,0.049386965,0.049847519,0.049464925,0.04844153
244,0.041850269,0.043543,0.045722979,0.047097849,0.048021798,0.048658682,0.049409875,0.049785262,0.049409347,0.048426958
245,0.041761893,0.043343234,0.045379985,0.04670808,0.047615341,0.04824511,0.048985753,0.049335303,0.048919532,0.047924957
246,0.041845419,0.043597469,0.04574105,0.047087541,0.047994509,0.048617874,0.049341381,0.049664287,0.049214004,0.048207253
247,0.041288902,0.042687549,0.044608003,0.045920368,0.046837693,0.04748515,0.048268227,0.048680468,0.048370361,0.047483005
248,0.041063962,0.042493803,0.044499695,0.045844138,0.046767853,0.047413459,0.048191129,0.048600152,0.048291047,0.04740301
249,0.040296063,0.041623455,0.043596939,0.044962804,0.045923586,0.046611511,0.047468999,0.047954066,0.047686828,0.046813485
250,0.040377786,0.041699514,0.04361405,0.044913719,0.045816364,0.046456894,0.047249592,0.047701207,0.047457307,0.04660842
251,0.040061138,0.041406996,0.043367381,0.044700135,0.045639979,0.046323339,0.047206647,0.047765893,0.047628572,0.046836742
252,0.040478853,0.041900305,0.043855592,0.045163724,0.046083314,0.046751266,0.047616833,0.048175656,0.048054181,0.047265494
253,0.040486667,0.04182105,0.043690022,0.044982896,0.045901765,0.046570098,0.047433164,0.047990571,0.047874542,0.04708335
254,0.040428774,0.041733828,0.043589141,0.0448866,0.045810299,0.046481151,0.047344116,0.047892441,0.047747842,0.046939032
255,0.040485998,0.041716711,0.043556122,0.044861962,0.045791453,0.046464668,0.047327903,0.047879392,0.047748519,0.046946597
256,0.040525153,0.041820438,0.043662812,0.044951042,0.045869889,0.046538472,0.047401776,0.047957677,0.047821839,0.047008105
257,0.040922837,0.042313108,0.044208232,0.045489679,0.046390974,0.047043211,0.047882775,0.048413863,0.04823878,0.047396044
258,0.040820488,0.042210563,0.044049544,0.045265261,0.046101071,0.046695218,0.047465858,0.04801638,0.04792797,0.047105142
259,0.04118771,0.042841322,0.044833295,0.046038584,0.046837276,0.047394453,0.048109473,0.048617314,0.048494045,0.047647208
260,0.041917703,0.043407945,0.045246988,0.046407948,0.047181495,0.047715995,0.048386404,0.048832247,0.048610051,0.04768818
261,0.041679337,0.043173533,0.045073647,0.046255636,0.047022226,0.047537235,0.048161861,0.048564514,0.048342437,0.047439946
262,0.041829464,0.043201494,0.044950798,0.046080793,0.046829543,0.047331824,0.047919719,0.048272004,0.048036894,0.047153331
263,0.041713789,0.042995563,0.044731228,0.045892689,0.0466723,0.047199628,0.047821032,0.048197237,0.048000079,0.047167147
264,0.040695158,0.041648643,0.043209566,0.044383984,0.045215505,0.04580032,0.04652726,0.047038417,0.047050072,0.04638305
265,0.040080266,0.041042218,0.042692393,0.04391153,0.044776961,0.045396203,0.046194647,0.046792961,0.046896995,0.046292238
266,0.039907611,0.040878522,0.042558032,0.043812151,0.04471231,0.045363503,0.04621103,0.04683932,0.046933096,0.046313952
267,0.040322212,0.041301055,0.042928822,0.044128515,0.044986205,0.045605358,0.046409711,0.046998022,0.047049385,0.046416937
268,0.040664652,0.041720649,0.043344074,0.04448805,0.04529132,0.045863583,0.046599348,0.047147302,0.047217718,0.046612381
269,0.040606647,0.041673581,0.043344281,0.044535437,0.0453846,0.046002201,0.046821647,0.04746125,0.047631596,0.047099781
270,0.040788017,0.041759333,0.043330922,0.044496127,0.045338664,0.045954314,0.046771967,0.047411654,0.047591508,0.047067668
271,0.04112121,0.042114472,0.043603454,0.044677047,0.04544128,0.045990755,0.046711459,0.047287804,0.047460635,0.046928011
272,0.040974004,0.042088203,0.043740004,0.044901872,0.045726808,0.046324662,0.047112266,0.047708383,0.047782534,0.047144963
273,0.041102593,0.042238824,0.043914917,0.045104178,0.04595095,0.046562626,0.04735624,0.047919394,0.047884771,0.047152494
274,0.041652585,0.042702966,0.044205668,0.045250954,0.045975398,0.046481049,0.04710494,0.047514426,0.047394814,0.046653433
275,0.042145498,0.043288993,0.044882745,0.045974079,0.046726193,0.047250275,0.047896314,0.048315907,0.048169187,0.047374223
276,0.042129517,0.043164621,0.044681961,0.04575596,0.046495158,0.047001926,0.047604001,0.047961525,0.047749737,0.046921863
277,0.042029225,0.043151691,0.044746416,0.045838526,0.04657862,0.047081558,0.047686139,0.048113485,0.048043618,0.047254757
278,0.042566813,0.043973824,0.045775328,0.04691722,0.047663155,0.048156777,0.048727329,0.049084403,0.048842968,0.047875951
279,0.04244721,0.043721425,0.045453029,0.046601033,0.047367007,0.047880975,0.048478793,0.048834825,0.048541935,0.047538128
280,0.042289994,0.043557163,0.045306258,0.046484104,0.047276672,0.047812664,0.048445526,0.048849267,0.048650662,0.04772277
281,0.04211386,0.04336148,0.045122584,0.046326313,0.047146553,0.047710084,0.04839409,0.048854295,0.048701449,0.047790773
282,0.042048861,0.043229522,0.044903206,0.046053944,0.04684037,0.04738285,0.048048123,0.048508827,0.048375703,0.047477691
283,0.042120627,0.043290817,0.044928521,0.046057968,0.046832687,0.047369084,0.048030373,0.048495501,0.048385825,0.047507982
284,0.04227803,0.043162321,0.044569232,0.045652678,0.046429455,0.046980334,0.047672225,0.048164494,0.048078241,0.047210858
285,0.041620853,0.042601856,0.044153097,0.045315056,0.046144696,0.046736974,0.0474936,0.048052446,0.048041496,0.047230888
286,0.041507018,0.042501343,0.044061829,0.045205827,0.046011863,0.046582128,0.047306553,0.047843807,0.047834374,0.047044376
287,0.041508825,0.042344069,0.043792836,0.044923172,0.045732988,0.046306747,0.047027771,0.047547686,0.047519415,0.046724226
288,0.041401156,0.042371582,0.043908962,0.04503607,0.04582744,0.046384591,0.047087155,0.047606466,0.047600552,0.046826175
289,0.041056118,0.042077877,0.043717212,0.044885422,0.045689273,0.046250424,0.046958354,0.047490478,0.047514691,0.04677133
290,0.041174234,0.042122763,0.043724699,0.044911139,0.045738873,0.046317762,0.047029107,0.047490769,0.047436366,0.046800007
291,0.040909988,0.041799125,0.043401365,0.044622689,0.045488036,0.046099307,0.046856237,0.047357958,0.047375122,0.046813863
292,0.04110933,0.042050058,0.043701652,0.044964999,0.04586669,0.046508357,0.04731079,0.047858272,0.047955318,0.04747557
293,0.041831133,0.042784482,0.04439379,0.045605203,0.046458979,0.047060377,0.047811452,0.048346189,0.048479263,0.048016176
294,0.041897804,0.04281217,0.044320291,0.045492503,0.046343071,0.04695483,0.047729216,0.048276274,0.048412953,0.047961745
295,0.04235237,0.043137616,0.04457438,0.045732873,0.046578379,0.047190813,0.047981827,0.048565528,0.048747889,0.04833251
296,0.041967796,0.042656523,0.044006812,0.045131544,0.045949702,0.046531203,0.047252894,0.047745467,0.047827749,0.047365162
297,0.041724245,0.042452238,0.0438593,0.045005783,0.045834206,0.04642216,0.047154746,0.047668751,0.047796237,0.047365744
298,0.041870657,0.042709187,0.044248769,0.045412771,0.046224152,0.046787014,0.047479059,0.047958303,0.048013378,0.047581767
299,0.041869842,0.042655497,0.044076551,0.045167706,0.045931048,0.046459906,0.047110817,0.047578396,0.047683812,0.047304232
300,0.042672393,0.043508619,0.044817588,0.04578069,0.046444879,0.046897966,0.047442201,0.04781338,0.047821784,0.047383285
301,0.042743377,0.043596465,0.044852291,0.045768339,0.046405241,0.046845432,0.0473862,0.047761471,0.047735639,0.047252089
302,0.043083707,0.044060001,0.045474882,0.046484094,0.04718664,0.047675808,0.048278077,0.04865998,0.048465761,0.047788795
303,0.043050338,0.043926545,0.045214494,0.046175675,0.046855479,0.047331468,0.047919016,0.048292309,0.048106567,0.047442676
304,0.042876428,0.043257624,0.044167639,0.045032156,0.045691904,0.046174057,0.046800856,0.047266743,0.047305832,0.046840962
305,0.041920686,0.042352204,0.0434072,0.044296309,0.044944505,0.045409923,0.046015744,0.046494534,0.046622751,0.046245626
306,0.04184363,0.04225329,0.043312094,0.044178181,0.04478926,0.045213365,0.045744314,0.046164874,0.046302804,0.045959213
307,0.04221775,0.04266186,0.043678512,0.044497188,0.045069609,0.045463264,0.045951229,0.046329473,0.046393777,0.045982849
308,0.041698288,0.042145015,0.043267206,0.044182194,0.044831496,0.045286805,0.045859893,0.046282514,0.046303683,0.045859763
309,0.041523697,0.041888907,0.042996372,0.043941536,0.044627786,0.045119891,0.045755181,0.046228266,0.046258112,0.045806811
310,0.041548198,0.041938246,0.043034074,0.043942175,0.044596499,0.045063892,0.045663219,0.046101261,0.046101088,0.045637518
311,0.041678542,0.042291941,0.043525367,0.044462695,0.045120828,0.045583037,0.046164647,0.046585859,0.046596398,0.046136477
312,0.042161963,0.042620665,0.043653911,0.04449807,0.045106083,0.045537956,0.046089102,0.046503364,0.046531244,0.046088555
313,0.042408223,0.04295651,0.043913023,0.044655484,0.045196377,0.04559355,0.046131738,0.046541235,0.046474196,0.045946613
314,0.042864469,0.043419816,0.044336401,0.04502414,0.045515225,0.045871056,0.046349291,0.04670654,0.046580389,0.045995477
315,0.042813752,0.043408038,0.044328576,0.04497874,0.045429031,0.0457498,0.046180317,0.04651622,0.046426285,0.045883925
316,0.042842015,0.043499144,0.044426261,0.045056172,0.04548672,0.045791147,0.046200525,0.046526331,0.046439227,0.045902371
317,0.042764418,0.043375045,0.044263691,0.044899292,0.045342647,0.045656095,0.046070291,0.046389744,0.04629528,0.045762069
318,0.042754412,0.04330682,0.044166265,0.044826619,0.045301572,0.045642321,0.046093329,0.046435916,0.046371953,0.045885584
319,0.042826146,0.043385503,0.044241994,0.044891139,0.045364705,0.045714396,0.046198769,0.046582697,0.046525542,0.046030291
320,0.043461009,0.044136636,0.045098105,0.045815185,0.046346908,0.046747415,0.047301428,0.047682068,0.047434474,0.046760083
321,0.04350384,0.044153109,0.045075803,0.04578113,0.046313998,0.046721416,0.047293115,0.047685784,0.047397245,0.04665541
322,0.043546686,0.04412867,0.044959693,0.045612661,0.046103784,0.046473153,0.046982153,0.047338109,0.047123532,0.046477963
323,0.043713406,0.044384623,0.045274856,0.045924685,0.046403036,0.046759702,0.047244318,0.047558651,0.047268196,0.046567355
324,0.044485189,0.04547773,0.046526596,0.047175208,0.047637697,0.047984149,0.048458296,0.048725537,0.048234473,0.047328506
325,0.044866269,0.045708171,0.046703132,0.047411487,0.047941943,0.048344604,0.048885558,0.049158189,0.048595508,0.047641202
326,0.044729657,0.045526413,0.046515227,0.047254963,0.047811118,0.048227268,0.048771846,0.049041724,0.04852364,0.047627614
327,0.044692469,0.04535308,0.046215023,0.04690932,0.047447912,0.047857666,0.048404396,0.048701518,0.048268108,0.047451392
328,0.044431779,0.044978197,0.045824369,0.046602549,0.047229363,0.047713334,0.048361654,0.048721964,0.048307385,0.047501278
329,0.04468651,0.045520758,0.046630324,0.047493944,0.048153781,0.048650856,0.04930054,0.04963117,0.049123463,0.04823701
330,0.044770661,0.045627984,0.046755129,0.047642371,0.048324759,0.048838687,0.049503845,0.049834304,0.049333132,0.048465855
331,0.044765824,0.045622506,0.04667391,0.047501014,0.04814098,0.048623957,0.049248382,0.049545055,0.049007056,0.048107315
332,0.044740029,0.04554651,0.046506767,0.047265492,0.047854026,0.048297602,0.048868597,0.049133751,0.048612894,0.047739063
333,0.044720485,0.045626634,0.04668383,0.047478534,0.048086132,0.048543423,0.049135075,0.049420555,0.048931305,0.048082516
334,0.044487267,0.045375061,0.046524183,0.047427281,0.048125719,0.048655685,0.049347748,0.049704946,0.049274174,0.048475308
335,0.044465394,0.045390042,0.046580504,0.047511945,0.048222883,0.048753641,0.049432788,0.049778438,0.049383374,0.048641539
336,0.044301859,0.045178969,0.046359329,0.047299601,0.048015483,0.048546535,0.049218102,0.049552953,0.049172771,0.048466893
337,0.044097114,0.045044998,0.046312873,0.047288511,0.0480244,0.048570268,0.049263979,0.049617332,0.049259762,0.048581692
338,0.044752339,0.045747341,0.046935255,0.047812503,0.04847072,0.048957894,0.049573181,0.049860959,0.049423511,0.048674863
339,0.044991467,0.045966466,0.04712814,0.047959127,0.048570326,0.049018753,0.049582723,0.049834137,0.049363829,0.048588046
340,0.045082453,0.046065648,0.047230725,0.048066789,0.048685057,0.049142067,0.049722205,0.049977282,0.049458483,0.048632636
341,0.04522853,0.046137916,0.047219775,0.048041171,0.048661501,0.049123526,0.049710362,0.049967314,0.049468494,0.048669542
342,0.045043308,0.045981611,0.047058677,0.047865412,0.048476513,0.048932683,0.049510981,0.049755564,0.049238973,0.048428585
343,0.044785481,0.045659045,0.046688467,0.047488362,0.048101665,0.048561916,0.049150187,0.049418747,0.048966275,0.048201984
344,0.04464604,0.04553922,0.046654095,0.047495995,0.048126184,0.04859182,0.049180763,0.049454362,0.049030114,0.048294588
345,0.045039585,0.046141286,0.047400277,0.048258972,0.048882342,0.049339425,0.049917604,0.050178516,0.04970663,0.048924401
346,0.045950513,0.04725666,0.048581349,0.04940345,0.049971886,0.050371812,0.050847543,0.050991659,0.050355295,0.049438938
347,0.046399723,0.047577566,0.048743221,0.049485289,0.050003737,0.050369566,0.05080425,0.050924329,0.050289095,0.049383813
348,0.045976426,0.047160706,0.048379538,0.049165997,0.049711802,0.050092789,0.050541163,0.0506817,0.050121858,0.049288367
349,0.0464213,0.047656533,0.048908048,0.049661999,0.050160091,0.050493624,0.050864694,0.050936381,0.050317223,0.049448602
350,0.047016947,0.048310437,0.049517876,0.050209622,0.050652351,0.05093932,0.051241933,0.0512554,0.05057087,0.049648778
351,0.047019066,0.048172829,0.049225901,0.049855989,0.050266908,0.05052861,0.050769798,0.050691682,0.049977655,0.049097364
352,0.046639478,0.047677587,0.048713792,0.049346111,0.049760452,0.050027119,0.050280492,0.050223185,0.049550584,0.048708626
353,0.046789614,0.047951647,0.049110766,0.049800021,0.05024653,0.050532734,0.050806336,0.050755902,0.050074011,0.049221523
354,0.04818007,0.049145977,0.05006825,0.050639152,0.051012551,0.051248086,0.051451296,0.051317637,0.050490865,0.049523
355,0.04828784,0.049274303,0.050200975,0.050746397,0.051089599,0.051297903,0.051458123,0.051275963,0.050371794,0.049330927
356,0.048424166,0.049446998,0.050360036,0.050842084,0.051123199,0.051283525,0.051389683,0.05119356,0.050306915,0.049267686
357,0.048836954,0.049807989,0.050662079,0.051132177,0.0514191,0.051591181,0.051717495,0.051514303,0.050539212,0.049410799
358,0.048666637,0.049615568,0.0504554,0.050919883,0.051198532,0.051358846,0.051460074,0.051245462,0.050331858,0.049274967
359,0.04836993,0.049303517,0.050154559,0.050624369,0.050895309,0.051037288,0.051096083,0.050851151,0.049956187,0.048932563
360,0.048566301,0.049468864,0.05021975,0.050617907,0.050837917,0.050941882,0.050948884,0.050659488,0.049709929,0.048628081
361,0.048929148,0.049911525,0.050772978,0.051223891,0.051463696,0.051569911,0.051556897,0.051208344,0.050125587,0.048924482
362,0.0494661,0.050403195,0.051224288,0.051673284,0.05192431,0.052044284,0.05205209,0.051707969,0.050593587,0.049350946
363,0.049641486,0.050661556,0.051519462,0.051935877,0.052141418,0.052218072,0.052156975,0.051751576,0.050590468,0.049323195
364,0.04961587,0.050566451,0.051424118,0.051877013,0.052111909,0.052206748,0.052155909,0.051725437,0.05048218,0.049148254
365,0.049656207,0.05066128,0.051558171,0.052025731,0.052264688,0.052356306,0.052286154,0.05181148,0.050494835,0.049112635
366,0.04967267,0.050688656,0.051525081,0.051951005,0.052167518,0.052248432,0.05216751,0.051667913,0.050316311,0.048927501
367,0.049600993,0.050565023,0.051330709,0.051735318,0.051947542,0.052028552,0.051949023,0.051454416,0.05013784,0.048793165
368,0.049828378,0.050861788,0.051721465,0.052189648,0.052446953,0.052560451,0.052519323,0.052033497,0.050669985,0.049270493
369,0.049904055,0.050733739,0.051424427,0.051843164,0.052087662,0.052201984,0.05217216,0.051694133,0.050318615,0.048898076
370,0.049798852,0.050681832,0.051439064,0.051897708,0.052179913,0.052332491,0.052371017,0.051951048,0.050598718,0.049181754
371,0.050370756,0.051218991,0.051862281,0.052232917,0.05244699,0.052546085,0.052509301,0.052026997,0.050616322,0.049150124
372,0.050062777,0.050705027,0.051140138,0.051424914,0.051587829,0.051649109,0.051563647,0.051075722,0.049781865,0.048446226
373,0.049907326,0.050691289,0.051330973,0.051719379,0.051950116,0.052062426,0.052047506,0.051610421,0.050325608,0.048959289
374,0.050620878,0.051357871,0.051900625,0.05221099,0.052373925,0.052426682,0.052316662,0.051786271,0.050406485,0.048980505
375,0.05007356,0.050796216,0.051298102,0.051603053,0.051774195,0.051840264,0.051760149,0.051268674,0.049950887,0.048581855
376,0.049730157,0.05050667,0.051108465,0.051460656,0.05165966,0.051745221,0.051691026,0.051221872,0.049929094,0.048579157
377,0.049752588,0.050540795,0.051159826,0.051535772,0.051758294,0.051863983,0.051837771,0.051387541,0.050118139,0.048795698
378,0.049257174,0.049918107,0.050509505,0.050955332,0.051262261,0.05144824,0.051553045,0.051221757,0.050040138,0.048758146
379,0.048957475,0.04955501,0.050042458,0.050428631,0.050695588,0.050853194,0.050928468,0.050612168,0.049539989,0.048359324
380,0.049012638,0.049699716,0.050263241,0.050683107,0.05096863,0.051137403,0.051222577,0.050894926,0.049748296,0.048495945
381,0.049042743,0.049419422,0.050215995,0.050808404,0.051194066,0.051427477,0.051590728,0.051309689,0.050145609,0.048856878
382,0.049160166,0.049448966,0.050189404,0.050769845,0.051152317,0.051385445,0.051550956,0.05127301,0.05010802,0.048812014
383,0.048924914,0.048940479,0.049467145,0.05001839,0.050420069,0.050682419,0.050898821,0.050670095,0.049587082,0.048371824
384,0.048677373,0.048855684,0.049551156,0.05014897,0.050557319,0.05080675,0.050957328,0.050602434,0.049447524,0.048275965
385,0.048477157,0.048588337,0.049191662,0.049734944,0.050100572,0.050313883,0.050415462,0.050061296,0.049040984,0.048004281
386,0.048455922,0.048665476,0.049374632,0.049944504,0.050306985,0.050506775,0.050577783,0.05019371,0.049164483,0.048140804
387,0.048573598,0.048850294,0.049562918,0.050100228,0.050427567,0.050595334,0.050615747,0.050188102,0.049127272,0.048088697
388,0.048683332,0.048893084,0.04954728,0.050041046,0.05032116,0.050447429,0.050410522,0.049939783,0.048832612,0.047758172
389,0.048575777,0.048758201,0.049419554,0.049938581,0.050244172,0.050393128,0.050391337,0.049947439,0.048840414,0.047756807
390,0.048404455,0.048779816,0.049585933,0.050138642,0.050451503,0.050601208,0.050597563,0.050150644,0.04903766,0.047947811
391,0.048573061,0.048866056,0.04960121,0.050113245,0.050395216,0.050521058,0.05048568,0.050017133,0.048895512,0.047809025
392,0.048797993,0.049253732,0.050135821,0.050706344,0.05102094,0.051169634,0.051163555,0.050696407,0.049489815,0.048316012
393,0.048577734,0.049033127,0.049942077,0.050517784,0.050827114,0.050968019,0.050950543,0.050484712,0.049304998,0.048155546
394,0.048544238,0.048977787,0.049896118,0.050512653,0.050859414,0.051028555,0.051044464,0.05059297,0.04940069,0.04823668
395,0.047953622,0.048095262,0.048840626,0.049482573,0.049895022,0.050131048,0.050252452,0.049899552,0.048833151,0.047779581
396,0.047497554,0.047952613,0.048941425,0.049616849,0.050016613,0.050233921,0.050330649,0.049971886,0.048913795,0.047862393
397,0.047473301,0.04795552,0.04895122,0.049637859,0.050050231,0.050278245,0.050390471,0.050048428,0.049020629,0.047999112
398,0.048281769,0.048845877,0.049906329,0.050605971,0.051017161,0.051238948,0.051329119,0.050928481,0.049747183,0.04858748
399,0.048809289,0.049253812,0.050088365,0.050642432,0.050951634,0.051097879,0.051088577,0.050615618,0.049366637,0.048130408
400,0.049094893,0.049567103,0.050414566,0.050949142,0.051230087,0.05134776,0.051291664,0.050779049,0.049508297,0.048267053
401,0.049164666,0.049668533,0.050553177,0.051121257,0.05142892,0.051566218,0.051530543,0.051012443,0.049685275,0.048382401
402,0.049219223,0.049801518,0.050754745,0.051343411,0.051659733,0.051800863,0.051761852,0.051215782,0.049817295,0.048452898
403,0.049491207,0.049934701,0.050809706,0.051426771,0.051795037,0.051986714,0.05201007,0.051443939,0.049953606,0.048568048
404,0.049420434,0.049966859,0.050857163,0.051444512,0.051783524,0.051951911,0.051946156,0.051368371,0.049900645,0.048545029
405,0.049476188,0.049699483,0.050271396,0.050740429,0.051021356,0.051153819,0.051108234,0.050528506,0.049147745,0.047876466
406,0.049371462,0.049651803,0.050286316,0.050768764,0.051050662,0.051181254,0.051130793,0.050543727,0.049145872,0.047859113
407,0.049435371,0.049730139,0.050357386,0.050817904,0.051078253,0.051190092,0.05110888,0.050482422,0.049010533,0.047659117
408,0.049400203,0.049649099,0.050245956,0.05070457,0.05096964,0.051086698,0.051010831,0.050376625,0.048868094,0.04747892
409,0.048977571,0.048876612,0.049230408,0.049674898,0.049975112,0.050135003,0.050134665,0.049588553,0.048228449,0.046961328
410,0.048194999,0.047974759,0.048257847,0.048721033,0.049060341,0.049261687,0.049335369,0.048876687,0.047645101,0.046490175
411,0.048064209,0.048117894,0.048626377,0.049119887,0.049448689,0.049636212,0.049696921,0.049241123,0.048000985,0.046819238
412,0.048048127,0.048049966,0.048491272,0.048942082,0.049240887,0.049407172,0.049445942,0.048994198,0.047787351,0.046630278
413,0.04823392,0.048339782,0.048897899,0.049402383,0.049725136,0.049899662,0.049933061,0.049451972,0.048170374,0.046949084
414,0.047946583,0.047951473,0.048418022,0.048906792,0.049237221,0.049427521,0.049496597,0.049055153,0.04780688,0.046600641
415,0.047836638,0.047849989,0.048293246,0.048760837,0.04908747,0.049286718,0.049390273,0.048999727,0.047813351,0.046652022
416,0.048021588,0.048137333,0.048653229,0.049128022,0.049454926,0.049661513,0.049808165,0.049521904,0.048378835,0.047076533
417,0.048125508,0.048148111,0.048551098,0.048996871,0.049320093,0.04952945,0.049682029,0.049394275,0.048234388,0.04691734
418,0.047853964,0.047891861,0.048311481,0.048773706,0.049121274,0.049359918,0.049569666,0.049337458,0.048214468,0.046918914
419,0.047832048,0.047821985,0.048217926,0.04869121,0.049053271,0.049303334,0.049525775,0.049297405,0.048165971,0.046856635
420,0.047797739,0.047742754,0.048073888,0.048513071,0.048855135,0.049092878,0.04930431,0.049080305,0.047979067,0.046698391
421,0.048228571,0.048279398,0.048766082,0.04929154,0.049684939,0.049955444,0.050199076,0.049965845,0.048767291,0.047390745
422,0.048314703,0.048381522,0.04881532,0.049286862,0.049640012,0.049881411,0.050089632,0.049834099,0.048616371,0.047218615
423,0.048170059,0.048082477,0.048370522,0.048816409,0.049173488,0.049423465,0.049643268,0.04939812,0.048225762,0.046884711
424,0.048219103,0.048067296,0.048209548,0.048576469,0.048901948,0.04913886,0.049335748,0.049072817,0.047953021,0.046597094
425,0.047947784,0.047710265,0.047931266,0.048434203,0.048855275,0.049151895,0.049404514,0.049159259,0.048056477,0.046733323
426,0.047508419,0.047164281,0.047357162,0.047903754,0.048372301,0.048707621,0.049011342,0.048805002,0.047749808,0.046471702
427,0.046970605,0.046818446,0.047209283,0.047832475,0.048347485,0.048721103,0.049087755,0.048942491,0.047938575,0.04668831
428,0.047242312,0.047091126,0.047494551,0.048136864,0.048668155,0.049053506,0.049431544,0.049278535,0.048221882,0.046921631
429,0.047684017,0.047589855,0.048059722,0.048729255,0.049276912,0.049674317,0.050062603,0.049884322,0.04871768,0.047314407
430,0.047479238,0.04722959,0.047534206,0.048156781,0.048697358,0.049101816,0.049515234,0.049373763,0.048263727,0.046906677
431,0.047594864,0.047436615,0.04777023,0.048362737,0.048870644,0.049248525,0.049627479,0.049466777,0.048362043,0.047018015
432,0.047677247,0.047467042,0.047741787,0.048310344,0.048800921,0.049162737,0.049513798,0.049329923,0.048228043,0.046899724
433,0.047391731,0.047146091,0.047391272,0.047944805,0.048421344,0.048769143,0.049096306,0.048901133,0.047842235,0.04656617
434,0.047220603,0.046935274,0.047130403,0.047677849,0.048163702,0.048525457,0.048881077,0.048718986,0.047704919,0.046470365
435,0.04730416,0.047039527,0.04727934,0.047847137,0.048342636,0.04871035,0.049074386,0.048918978,0.047896957,0.046641967
436,0.046959548,0.046713528,0.046990541,0.047589359,0.048108568,0.048495064,0.048886368,0.048751581,0.047730344,0.046462368
437,0.046928592,0.046833719,0.047247652,0.04784941,0.048329862,0.048668302,0.048979104,0.048797229,0.047803172,0.04657308
438,0.047646159,0.047510757,0.047802555,0.048296168,0.048677262,0.048923455,0.049082189,0.04880645,0.047851972,0.046629246
439,0.047229103,0.047188297,0.047565939,0.048081094,0.048465812,0.048711929,0.048873356,0.048612397,0.047685843,0.046482877
440,0.047320244,0.047170517,0.047440952,0.047915788,0.048280755,0.048515135,0.048664732,0.048404887,0.047502744,0.046322275
441,0.047027166,0.046823812,0.047118005,0.047647457,0.048059666,0.048330971,0.048529644,0.048304493,0.047421644,0.04625074
442,0.046594899,0.046356757,0.046588044,0.047088877,0.04749148,0.047763642,0.047978485,0.047792373,0.047000879,0.045907709
443,0.046651014,0.046449392,0.046664328,0.047092113,0.04742028,0.047630202,0.047765967,0.047555378,0.046827139,0.045797131
444,0.046898912,0.046736837,0.04693966,0.047344451,0.047655913,0.047854333,0.047976496,0.047756824,0.047017279,0.045977727
445,0.046742611,0.046429554,0.046525008,0.04692102,0.047246877,0.047464253,0.047619367,0.047427382,0.046708162,0.045682831
446,0.046626286,0.046345269,0.046518352,0.04697035,0.047335711,0.047581043,0.04776813,0.047587333,0.046850999,0.045808241
447,0.046435281,0.046032085,0.046189836,0.046744416,0.047223163,0.047569458,0.047903757,0.047822388,0.047115071,0.046076245
448,0.046142789,0.045848599,0.046090763,0.046667528,0.047161877,0.047525821,0.047901049,0.047879191,0.047247217,0.046248346
449,0.046101318,0.045850246,0.046170335,0.046808684,0.047356688,0.047767477,0.048212839,0.048240384,0.047609307,0.046586867
450,0.046432407,0.046173524,0.046469522,0.047072442,0.047593069,0.047989062,0.048432641,0.048496169,0.047911217,0.046892447
451,0.046184661,0.045839885,0.046033392,0.046591749,0.047089684,0.047473497,0.047913066,0.048007488,0.0475166,0.046574752
452,0.045885469,0.045643864,0.045930827,0.046518039,0.047029247,0.047422482,0.04787678,0.047982603,0.047492302,0.046549646
453,0.046046354,0.045727008,0.046001355,0.046623715,0.047172084,0.047598452,0.048104148,0.048250547,0.047768804,0.046819469
454,0.045687866,0.045282725,0.045448811,0.04601893,0.046533138,0.046932866,0.047402718,0.047545414,0.047151935,0.046311709
455,0.045594751,0.045224182,0.045437927,0.046039265,0.046576058,0.046993658,0.047489466,0.047647027,0.047229604,0.046353928
456,0.045138529,0.044699994,0.044862752,0.045455632,0.045999208,0.046430228,0.04695643,0.047148919,0.046776116,0.045937842
457,0.045391809,0.044916342,0.045020064,0.045577595,0.046097654,0.046510947,0.047012133,0.047184225,0.046800478,0.045975381
458,0.045476231,0.044902074,0.044937209,0.045456897,0.045946284,0.046332881,0.046789776,0.046910468,0.046441174,0.04553902
459,0.045600145,0.04508791,0.045139834,0.045637983,0.046100498,0.046460386,0.04687054,0.046939428,0.046398802,0.045446813
460,0.045550423,0.044897442,0.044880402,0.045399866,0.045894542,0.046282567,0.046730073,0.046825514,0.046317656,0.045398247
461,0.045492094,0.044970721,0.045083118,0.045648073,0.046167492,0.046573519,0.047046026,0.047152536,0.046618193,0.045668761
462,0.045097702,0.044329774,0.044277985,0.044826214,0.045361632,0.045792023,0.046317035,0.046498609,0.046080851,0.045216776
463,0.045505275,0.044733241,0.044611799,0.045108425,0.045607298,0.04600879,0.046488577,0.046617225,0.046107858,0.045171763
464,0.045257172,0.044437918,0.044366021,0.044931548,0.045486421,0.045930233,0.046461709,0.046616321,0.046106592,0.045168647
465,0.045019907,0.044137531,0.044069446,0.044663983,0.045243374,0.045705584,0.046261274,0.046442759,0.045986477,0.045088858
466,0.045133159,0.044320327,0.044266965,0.044834287,0.045387926,0.045831458,0.046368205,0.04655367,0.046145971,0.045296174
467,0.045371184,0.044624233,0.044614454,0.045165559,0.045695301,0.046118083,0.04662454,0.04678221,0.046344053,0.045469042
468,0.045794164,0.045071089,0.045048566,0.045579358,0.046097824,0.04651487,0.047010727,0.047139982,0.046645398,0.045717485
469,0.04576255,0.045006905,0.044902983,0.045407459,0.045922103,0.046343547,0.046854371,0.04700862,0.046545412,0.045633485
470,0.045792825,0.044998942,0.044892356,0.045413216,0.045945454,0.046381829,0.046909829,0.047066656,0.046594542,0.045678089
471,0.046283821,0.045678099,0.045666882,0.046177003,0.046689905,0.047112679,0.047622938,0.047741675,0.047160435,0.046149192
472,0.046506538,0.045726794,0.045563075,0.04602943,0.046527312,0.046943569,0.047446183,0.04755246,0.046935995,0.045886171
473,0.046183566,0.045406807,0.045213703,0.045635596,0.046086319,0.046458896,0.046901531,0.046996111,0.046439395,0.045425865
474,0.046533483,0.045923142,0.04584717,0.046270243,0.046706003,0.047065334,0.047483341,0.047522982,0.046833397,0.045706548
475,0.046779467,0.046043386,0.045830635,0.046213668,0.046636933,0.046991012,0.047399514,0.047418356,0.046686275,0.045518117
476,0.046748344,0.045934443,0.045640875,0.045992626,0.046397691,0.046737758,0.047127533,0.047142895,0.046440145,0.045306533
477,0.04610596,0.045305488,0.045128144,0.045587008,0.046081419,0.046495795,0.046996812,0.047114919,0.046533077,0.0454972
478,0.045660887,0.044812341,0.044607023,0.045050281,0.045531519,0.04593432,0.046424122,0.046568184,0.046097696,0.04517079
479,0.045450626,0.044544577,0.044279756,0.044701257,0.04517021,0.04556417,0.046044695,0.046196876,0.045757953,0.044851072
480,0.045268303,0.044332489,0.044080969,0.044515286,0.04498816,0.045380839,0.045854445,0.045997304,0.045547237,0.044637554
481,0.045355218,0.04450082,0.044204627,0.044528777,0.044901548,0.045222798,0.045644485,0.045822218,0.045434124,0.044541695
482,0.04548819,0.044719861,0.044523028,0.044878569,0.04525976,0.045582341,0.045998914,0.046153426,0.045692127,0.04472456
483,0.045713683,0.045134845,0.04508907,0.045479191,0.045866218,0.046185486,0.046579323,0.046670742,0.046085179,0.045010456
484,0.045726575,0.045140181,0.045091695,0.045472284,0.045822242,0.046087954,0.046384332,0.046410251,0.04582391,0.044753032
485,0.045570051,0.044903367,0.044759055,0.045099343,0.045423903,0.045670896,0.045944798,0.045968101,0.045420346,0.044390005
486,0.045305251,0.044524706,0.044337752,0.044724581,0.045105677,0.045402418,0.045746083,0.04581814,0.045302527,0.044290758
487,0.045086392,0.044296489,0.044142132,0.044557456,0.044963156,0.04528232,0.045663462,0.045768776,0.045263175,0.044240754
488,0.044717742,0.043809367,0.043589358,0.044004394,0.044426879,0.044771937,0.045217187,0.045396878,0.044927025,0.04389493
489,0.044471263,0.043493369,0.043274611,0.043747753,0.044238286,0.044647277,0.045185333,0.045400031,0.044891202,0.043863028
490,0.044096269,0.043236914,0.043173097,0.043732066,0.044283052,0.044741566,0.04536074,0.045668014,0.04528491,0.044362377
491,0.044481698,0.043575557,0.043411167,0.043881077,0.044362774,0.044769562,0.045325662,0.045607844,0.045262438,0.044389952
492,0.044840471,0.044092236,0.04400649,0.04444597,0.044873724,0.045222587,0.04567463,0.045859,0.045420466,0.044483112
493,0.045064462,0.044441176,0.044460842,0.044936973,0.045386429,0.045752371,0.046227629,0.046410153,0.045899056,0.044883805
494,0.045400852,0.0444691,0.044174764,0.044563646,0.044989128,0.045352405,0.04584655,0.046074559,0.045655271,0.04472018
495,0.044833253,0.043901262,0.043661397,0.044062133,0.044487282,0.044850069,0.045350858,0.045607221,0.04526295,0.044393244
496,0.044724512,0.043711034,0.043404041,0.043794042,0.044219219,0.044583472,0.045089926,0.045367217,0.045069753,0.044234241
497,0.044721861,0.04363838,0.043274684,0.043635925,0.04403672,0.044378657,0.044852139,0.045122162,0.044876891,0.044088488
498,0.044561391,0.043445153,0.04304354,0.043390001,0.043780781,0.044113692,0.044576449,0.044872319,0.044753418,0.04408812
499,0.044773213,0.043593662,0.043095172,0.043395264,0.043764001,0.044085646,0.044538317,0.044830207,0.044723755,0.044085513
500,0.04467476,0.043510806,0.043012573,0.043287764,0.043634923,0.043943133,0.044386936,0.044675141,0.044523038,0.04382234
501,0.044904375,0.043724653,0.043193818,0.043429194,0.043738153,0.044012867,0.044407782,0.044660923,0.044484661,0.043763919
502,0.044824217,0.043544173,0.04289114,0.043053524,0.043309404,0.043543369,0.043886579,0.044123096,0.044014661,0.043376987
503,0.045121923,0.044036497,0.043445299,0.043538362,0.043708421,0.043862879,0.04408167,0.044208165,0.044013848,0.043337112
504,0.045715683,0.044633061,0.043941623,0.043954887,0.044066004,0.04417452,0.044324503,0.044379054,0.044088671,0.04334108
505,0.045829668,0.044657597,0.043922801,0.043894252,0.043955124,0.044012392,0.044078003,0.044078025,0.043813795,0.043113969
506,0.045723151,0.044598617,0.043935672,0.043961386,0.044067781,0.044165108,0.04429665,0.044356429,0.044118875,0.043414566
507,0.045438407,0.044175978,0.043427669,0.043475838,0.043631075,0.043780085,0.043995286,0.044121228,0.043937027,0.043277765
508,0.045093,0.043781793,0.043077026,0.043195455,0.043408635,0.043601069,0.043870437,0.044036974,0.043899677,0.043276289
509,0.04497635,0.043714203,0.043071171,0.043211488,0.043435117,0.043634764,0.043915247,0.044090311,0.04395147,0.043325286
510,0.045311194,0.044303151,0.043958893,0.044233878,0.04453583,0.044789938,0.045140943,0.045355208,0.045180486,0.044494362
511,0.045346634,0.044265069,0.043883474,0.044159463,0.044470755,0.044735086,0.045100283,0.045316267,0.045118296,0.044410239
512,0.045251174,0.04408349,0.043624452,0.043831853,0.044075385,0.044284417,0.044606466,0.044875722,0.044754793,0.044041359
